project_id,incubation_length,active_devs,num_commits,num_committers,num_files,num_emails,num_senders,num_respondents,skew_c,skew_e,c_percentage,e_percentage,inactive_c,inactive_e,c_nodes,c_edges,c_c_coef,c_mean_degree,c_long_tail,c_triangles,e_nodes,e_edges,e_c_coef,e_mean_degree,e_long_tail,e_triangles,e_bidirected_edges
100,25.7,30,3568,4,519,420,26,25,0.6311896301639117,0.389024515436828,0.6121076233183856,0.7690476190476191,0.27860026917900405,0.18276762402088773,4,6,1.0,3.0,0,4.0,26,49,0.40166500166500174,3.769230769230769,2,29.0,77
101,43.166666666666664,49,2339,5,430,1547,47,46,0.1637545925980606,0.1875376725096574,0.5087644292432664,0.7763413057530705,0.16889238020424194,0.1239147592738753,5,9,0.9,3.6,3,7.0,48,118,0.5546676362852835,4.916666666666667,4,77.0,187
102,24.766666666666666,69,1946,8,265,4894,63,66,-0.35071852962120875,-0.0009543907589467051,0.41778006166495374,0.7196567225173682,0.06882591093117409,0.041223404255319146,8,26,0.9404761904761905,6.5,7,45.0,68,262,0.4728563621558258,7.705882352941177,19,539.0,432
103,53.233333333333334,64,6451,8,2084,1710,56,57,0.6390655512024028,0.42473709447568997,0.411099054410169,0.8011695906432749,0.37700348432055747,0.1306892067620286,8,16,0.7041666666666667,4.0,6,14.0,58,153,0.4449662661914678,5.275862068965517,7,131.0,232
104,21.0,96,6467,16,888,1819,86,81,-0.7328831577519671,-0.8631156117582246,0.42894696149683004,0.7267729521715228,0.10031847133757962,0.054770318021201414,16,87,0.8494519369519369,10.875,14,244.0,87,227,0.44986554288350755,5.218390804597701,5,164.0,343
105,20.7,197,4539,13,1695,5821,187,180,-0.5144879088638339,-0.4347532494397023,0.679665124476757,0.7570864112695413,0.09807073954983923,0.027607361963190184,13,64,0.9244755244755244,9.846153846153847,11,181.0,189,766,0.5087828226898373,8.105820105820106,8,1583.0,1209
106,16.366666666666667,156,3043,39,1512,1375,133,129,0.45329799437668816,0.43832706927352283,0.7791652974038777,0.5549090909090909,0.13963039014373715,0.038461538461538464,37,239,0.7782862946575984,12.91891891891892,21,947.0,134,322,0.25772652954801106,4.8059701492537314,15,227.0,488
107,11.833333333333334,629,10533,31,6101,19063,599,589,-0.18238804067771885,0.17901446799571186,0.8067027437577139,0.7963594397524,0.07162534435261708,0.0055248618784530384,28,144,0.7417610821565883,10.285714285714286,21,392.0,604,3584,0.3609432786822045,11.867549668874172,28,14301.0,4918
108,8.233333333333333,125,18475,18,3067,2719,121,113,0.49193662177661285,0.23771399692102255,0.4542354533152909,0.700993012136815,0.059113300492610835,0.029045643153526972,18,126,0.8961350196644317,14.0,17,501.0,121,460,0.5361197054251993,7.603305785123967,15,861.0,639
109,12.433333333333334,155,2181,10,951,8670,147,145,0.7318477284811221,-0.7543611154631278,0.5653370013755158,0.8174163783160323,0.09259259259259259,0.021505376344086023,10,30,0.7635714285714286,6.0,9,46.0,149,512,0.35950158601216703,6.87248322147651,18,819.0,870
110,14.266666666666667,22,2626,7,525,576,19,18,1.0382334527487853,0.6501072783121188,0.3750952018278751,0.5798611111111112,0.4551148225469729,0.20417633410672853,6,12,0.9,4.0,5,11.0,19,43,0.5922527764633029,4.526315789473684,5,31.0,65
112,57.5,94,1579,1,322,880,93,88,2.4059670303396956,-0.6116844498528332,1.0,0.6829545454545455,0.19794344473007713,0.12040557667934093,0,0,0,0,0,0,93,158,0.31391359065382834,3.3978494623655915,2,47.0,255
113,18.966666666666665,278,133011,80,8690,10865,240,232,-0.32783875966265924,-0.3141481883495448,0.66619302162979,0.7196502531063046,0.04833333333333333,0.010309278350515464,79,1759,0.8546658676131079,44.53164556962025,65,23662.0,240,1162,0.3993658684911028,9.683333333333334,31,3317.0,1733
115,9.633333333333333,75,748,6,213,2889,69,68,0.1698607189299853,0.33059605045613377,0.6724598930481284,0.7189338871581862,0.20577617328519857,0.0425531914893617,5,10,1.0,4.0,0,10.0,69,240,0.5403460562218388,6.956521739130435,8,292.0,412
116,15.866666666666667,55,491,9,175,1633,50,51,1.1150788147780302,-0.9390179088328108,0.6945010183299389,0.6497244335578689,0.37763713080168776,0.12190082644628099,9,20,0.8005291005291005,4.444444444444445,4,17.0,51,152,0.46841373166450573,5.96078431372549,12,156.0,244
117,23.866666666666667,120,7612,10,1593,1943,113,109,0.31163401865566887,-0.6062770420084044,0.6626379400945875,0.7642820380854349,0.12401883830455258,0.06676342525399129,10,23,0.7507936507936508,4.6,7,23.0,113,244,0.35351545995569,4.31858407079646,6,130.0,398
118,8.2,89,2634,11,1575,1490,85,85,1.033697662814878,0.1013090217529231,0.8276385725132878,0.6939597315436241,0.0935672514619883,0.04819277108433735,11,32,0.8384559884559885,5.818181818181818,7,42.0,88,278,0.3885748029621395,6.318181818181818,13,442.0,424
119,21.466666666666665,108,8074,23,1851,2556,94,91,-0.022265487006980732,-0.4044208825801826,0.9279167698786227,0.8826291079812206,0.10644257703081232,0.106544901065449,23,56,0.701118311550402,4.869565217391305,4,56.0,94,164,0.2977047280609873,3.4893617021276597,4,54.0,275
120,48.56666666666667,119,4183,8,787,8357,113,112,-0.3718182991784658,-0.602749174888682,0.7339230217547215,0.9164772047385426,0.10006949270326616,0.06343792633015007,8,17,0.7261904761904762,4.25,7,16.0,114,251,0.37578913029394245,4.4035087719298245,2,171.0,387
121,17.633333333333333,474,34237,13,8972,30872,462,456,-0.977878919958997,-1.4750461062339868,0.47165347431141746,0.8134555584348276,0.1306930693069307,0.022099447513812154,13,67,0.9177933177933179,10.307692307692308,12,194.0,470,2691,0.4493049259237348,11.451063829787234,9,8784.0,4298
122,35.86666666666667,267,17746,92,5321,8075,231,220,1.0636102812444452,1.4900467151891574,0.6201397498027724,0.6473065015479876,0.04674610449129239,0.0423572744014733,91,1308,0.8082801409978468,28.747252747252748,51,11290.0,231,1060,0.3690865006335327,9.177489177489177,38,2243.0,1579
123,23.4,116,3784,8,572,6428,108,107,-0.2345659000389899,-0.008807478555598562,0.39825581395348836,0.7700684505289359,0.0662739322533137,0.029914529914529916,8,26,0.9404761904761905,6.5,7,45.0,109,352,0.4242215987432799,6.458715596330276,12,479.0,582
124,14.333333333333334,40,25296,12,2006,1641,33,33,0.40226936002962044,-0.13569426642567464,0.6895161290322581,0.7794028031687995,0.0936768149882904,0.03686635944700461,12,49,0.8670695045695046,8.166666666666666,9,103.0,33,88,0.37749269468637053,5.333333333333333,9,67.0,129
127,8.466666666666667,122,97,8,55,868,115,112,-0.8939122000961356,0.007100981138791225,0.3402061855670103,0.6324884792626728,0.5089820359281437,0.044585987261146494,6,3,0.0,1.0,0,0.0,115,230,0.34420847402301985,4.0,3,82.0,385
128,11.733333333333333,136,340940,50,9769,4259,111,106,1.0714717743656739,-0.51560339217362,0.6008857863553705,0.7497065038741488,0.020066889632107024,0.03812316715542522,50,742,0.8770195709185703,29.68,41,7229.0,112,421,0.377611648472056,7.517857142857143,14,1024.0,650
129,23.766666666666666,172,15578,35,3169,7799,157,147,0.3173728205280142,1.6020778042871646,0.6609962768006162,0.7752275932811898,0.07293354943273905,0.05,34,298,0.8489165132559243,17.529411764705884,24,1563.0,157,668,0.44167524767230903,8.509554140127388,15,1648.0,1042
130,25.7,73,35404,4,5640,3706,69,67,0.711312282887463,0.42762674454221966,0.9416167664670658,0.8022126281705343,0.08152173913043478,0.04404145077720207,4,5,0.8333333333333333,2.5,2,2.0,70,189,0.5012860774928597,5.4,5,181.0,276
131,11.766666666666667,118,4113,4,698,2418,115,116,0.4015369661964931,0.0042566277459638565,0.8862144420131292,0.7853598014888338,0.06832298136645963,0.030303030303030304,4,4,0.5833333333333334,2.0,3,1.0,118,278,0.41088931538452544,4.711864406779661,3,189.0,461
132,18.8,291,8117,12,1722,6340,280,276,-0.7406191099100674,-0.1551463555408862,0.6120487864974744,0.7862776025236593,0.0626118067978533,0.11217948717948718,12,49,0.9035774410774412,8.166666666666666,10,112.0,286,995,0.5020780707385636,6.958041958041958,9,1645.0,1645
134,5.666666666666667,113,18714,18,6129,9195,105,99,1.5017027376757202,-0.03439236903464977,0.7620498022870578,0.8384991843393148,0.04597701149425287,0.06770833333333333,18,93,0.8439259814259814,10.333333333333334,14,254.0,105,433,0.5512229989851519,8.247619047619047,12,745.0,743
135,6.833333333333333,47,2236,7,704,2051,41,42,-0.514056940137191,-0.27427680012060535,0.3224508050089445,0.7898586055582643,0.05416666666666667,0.024691358024691357,6,10,0.6944444444444445,3.3333333333333335,5,7.0,45,119,0.3991080120662388,5.288888888888889,9,112.0,177
136,17.066666666666666,101,11310,9,4855,4981,92,94,0.11277730358763605,-0.6248967840183155,0.8328912466843501,0.8347721341096166,0.2679324894514768,0.03522504892367906,9,21,0.7285714285714285,4.666666666666667,7,23.0,95,266,0.4127657032391893,5.6,4,299.0,439
137,22.7,25,8791,8,601,605,22,20,0.35437968222859123,0.4354267390420623,0.7100443635536344,0.7785123966942149,0.16296296296296298,0.19881305637982197,8,23,0.9404761904761905,5.75,7,36.0,22,51,0.5077104713468349,4.636363636363637,6,40.0,83
138,32.56666666666667,72,7597,19,1226,1493,66,65,0.5244770622419885,1.8859328696117865,0.6344609714360931,0.6637642330877428,0.33659491193737767,0.16979166666666667,17,88,0.856811815635345,10.352941176470589,12,240.0,66,171,0.43685988864241987,5.181818181818182,10,148.0,272
139,71.06666666666666,320,12261,8,1022,8765,314,310,1.519195155215145,1.222688125351648,0.40959138732566674,0.8537364517969196,0.12848070346849047,0.036458333333333336,8,22,0.8392857142857143,5.5,7,35.0,316,900,0.4993774486365606,5.69620253164557,5,915.0,1522
141,16.033333333333335,33,33898,9,3273,996,30,28,-0.15228951257344633,0.1678653614702422,0.9973744763702873,0.6827309236947792,0.06318082788671024,0.0640495867768595,9,12,0.5714285714285714,2.6666666666666665,4,5.0,30,69,0.41383190883190885,4.6,7,51.0,98
142,15.9,162,3634,9,620,6276,153,151,0.002245892985424815,-0.19356250630357255,0.3593835993395707,0.8459209687699172,0.08771929824561403,0.01882845188284519,9,29,0.8611111111111112,6.444444444444445,8,56.0,154,447,0.4629573023890069,5.805194805194805,7,466.0,747
143,12.066666666666666,34,2050,10,596,981,28,29,-0.1733216806564005,-0.01953562834400239,0.41024390243902437,0.6778797145769623,0.13445378151260504,0.09776536312849161,10,26,0.8376984126984128,5.2,6,29.0,29,63,0.49460826529792046,4.344827586206897,4,34.0,93
144,7.666666666666667,40,9979,12,1429,590,35,34,0.12419439440333582,0.2604675127166649,0.4934362160537128,0.6728813559322034,0.07407407407407407,0.1145374449339207,12,56,0.9138047138047138,9.333333333333334,10,145.0,35,97,0.4165610579896294,5.542857142857143,11,98.0,134
145,11.933333333333334,184,28902,22,2026,3360,168,155,-0.48025312959643374,-0.020831668200100097,0.5356376721334164,0.7178571428571429,0.04491017964071856,0.01729106628242075,22,149,0.8556338890493127,13.545454545454545,17,552.0,168,637,0.5152136418596179,7.583333333333333,9,1086.0,905
146,10.433333333333334,72,10780,22,1340,5025,60,55,0.7296504869702313,0.06982740766373585,0.800278293135436,0.7685572139303483,0.09060402684563758,0.03793103448275862,21,123,0.8325462135944223,11.714285714285714,16,378.0,61,230,0.4595190108228414,7.540983606557377,18,358.0,326
153,18.566666666666666,138,7968,10,1666,1980,129,127,-0.18597175392447715,0.10652744493235594,0.5587349397590361,0.7686868686868686,0.12259194395796848,0.06260869565217392,10,36,0.8785714285714284,7.2,8,66.0,130,313,0.28193585994429876,4.815384615384615,9,290.0,499
154,19.333333333333332,45,11438,9,1284,1289,37,37,0.804000572332938,-0.24477649561571557,0.8469137961182025,0.7160589604344453,0.15232974910394265,0.10526315789473684,9,29,0.9232804232804234,6.444444444444445,8,51.0,39,104,0.48276688966791836,5.333333333333333,7,110.0,166
155,22.433333333333334,86,2585,14,827,1870,80,79,-0.04229542487862482,-0.23678833809660374,0.6197292069632495,0.6684491978609626,0.10888252148997135,0.06006006006006006,13,41,0.7475413475413476,6.3076923076923075,11,63.0,80,237,0.4217234103186115,5.925,10,207.0,354
156,28.566666666666666,96,8074,7,2189,5031,89,87,-0.3845485926928053,-0.6218753659581907,0.9513252415159772,0.8423772609819121,0.04215456674473068,0.04176334106728538,7,12,0.7952380952380952,3.4285714285714284,2,7.0,89,187,0.28021158383995537,4.202247191011236,2,105.0,315
157,11.733333333333333,39,13255,9,3020,1349,35,34,1.1565174636907338,0.10468091476856979,0.2946812523576009,0.687175685693106,0.11392405063291139,0.06111111111111111,9,36,1.0,8.0,0,84.0,35,103,0.5754324695318485,5.885714285714286,10,135.0,168
159,30.3,183,15338,10,3419,11288,178,170,1.0380649757530518,-0.6582188054018235,0.9045507888903377,0.9068036853295535,0.22148541114058357,0.1288888888888889,10,43,0.9611111111111112,8.6,9,105.0,179,468,0.41244734694883894,5.229050279329609,8,417.0,783
160,17.533333333333335,57,4302,12,686,1109,48,46,1.9700307286132122,0.025248944485199255,0.9388656438865643,0.757439134355275,0.176,0.04580152671755725,11,22,0.7688311688311689,4.0,5,18.0,48,107,0.400587127217562,4.458333333333333,3,67.0,159
161,16.666666666666668,169,10656,27,1816,10190,159,158,0.6976430318931256,-0.6312103722337924,0.7024211711711712,0.7704612365063788,0.07692307692307693,0.029469548133595286,27,179,0.8040461402248544,13.25925925925926,20,673.0,159,752,0.4913945033657831,9.459119496855346,36,1517.0,1177
163,18.8,13,258,4,117,139,9,10,0.33182886017234353,-1.4601606226319337,0.624031007751938,0.3597122302158273,0.5772357723577236,0.6294117647058823,3,3,1.0,2.0,0,1.0,10,22,0.5816666666666667,4.4,6,9.0,31
164,14.5,44,526,5,53,1314,39,37,-1.493135731611667,-1.202633449746912,0.5475285171102662,0.7442922374429224,0.5338541666666666,0.19907407407407407,5,7,0.7,2.8,4,4.0,39,85,0.35719420180958644,4.358974358974359,6,47.0,140
167,20.333333333333332,185,59202,51,4033,3749,163,157,-0.022627268683382613,-0.12374576861253032,0.8114083983649201,0.7065884235796213,0.015706806282722512,0.045307443365695796,51,675,0.8367243355600613,26.470588235294116,42,5164.0,163,581,0.4599241842912088,7.128834355828221,13,990.0,875
168,30.933333333333334,470,7099,23,4865,14881,466,454,1.3409723674024852,-0.3236621808040836,0.7458797013663896,0.8080774141522747,0.5179190751445086,0.03304904051172708,18,63,0.870266153599487,7.0,10,117.0,466,2054,0.41451237060546464,8.815450643776824,7,5745.0,3017
169,7.766666666666667,158,21166,26,2147,2757,148,143,0.4104885386073547,0.02262044028491933,0.6538788623263725,0.6184258251722887,0.04878048780487805,0.02834008097165992,26,127,0.8010682576142002,9.76923076923077,14,336.0,148,513,0.4486248235616675,6.9324324324324325,8,782.0,749
170,4.566666666666666,111,275,5,105,1070,106,104,-0.38988882513165973,0.6663051890452595,0.7490909090909091,0.5794392523364486,0.4129032258064516,0.1223021582733813,5,5,0.4333333333333334,2.0,3,1.0,107,285,0.30379782351201734,5.327102803738318,10,276.0,476
171,29.633333333333333,24,755,5,283,313,19,19,0.8731476526770228,0.23112306784221395,0.39867549668874175,0.3450479233226837,0.38639455782312926,0.24431137724550897,5,10,1.0,4.0,0,10.0,19,41,0.37593984962406024,4.315789473684211,7,21.0,65
172,17.2,99,11485,9,2744,2166,93,89,0.7303581340462304,-0.035644464138318364,0.5528950805398346,0.7576177285318559,0.12355212355212356,0.06049149338374291,9,33,0.92989417989418,7.333333333333333,7,65.0,93,286,0.4478945853633399,6.150537634408602,9,329.0,450
173,10.766666666666667,155,4961,6,1996,6629,149,153,0.3446504905687442,-0.11652993948481795,0.7311026002822012,0.767838286317695,0.02197802197802198,0.014084507042253521,6,14,0.9333333333333332,4.666666666666667,4,16.0,155,634,0.4840013547146848,8.180645161290322,14,1351.0,1099
175,8.466666666666667,68,27909,25,2797,1137,48,46,-0.9264697472468717,-0.5880292262240353,0.47196244938908594,0.7044854881266491,0.056451612903225805,0.03125,24,173,0.7712954854885968,14.416666666666666,21,781.0,48,127,0.3877747901870709,5.291666666666667,9,120.0,200
176,5.133333333333334,34,5532,10,1005,1026,25,27,0.34150291037566627,0.2051305129085907,0.5880332610267535,0.5984405458089669,0.20149253731343283,0.14583333333333334,9,23,0.8521164021164023,5.111111111111111,7,28.0,28,82,0.5028830874601792,5.857142857142857,8,98.0,124
177,10.0,47,4185,6,1262,694,41,41,-0.10403233090824077,-0.8063772792439384,0.35531660692951017,0.6397694524495677,0.3106060606060606,0.1724137931034483,6,14,0.9333333333333332,4.666666666666667,4,16.0,42,114,0.3730346852545732,5.428571428571429,8,78.0,162
178,13.8,95,2577,5,910,7101,90,88,0.100258355504962,0.29860857884911773,0.4485836243694218,0.8114350091536403,0.12912087912087913,0.020202020202020204,5,7,0.7,2.8,4,4.0,90,304,0.47777584483998753,6.7555555555555555,12,390.0,520
179,12.3,36,1722,11,388,543,26,23,0.5943831065580335,1.0930210534697793,0.8101045296167247,0.5580110497237569,0.2659279778393352,0.18904109589041096,11,37,0.868109668109668,6.7272727272727275,8,63.0,26,78,0.4938418168056178,6.0,12,75.0,130
181,13.366666666666667,162,5892,10,1235,4237,152,154,0.4820645723056258,-0.6073842044712306,0.4426340801086219,0.7569034694359217,0.14987080103359174,0.07142857142857142,10,43,0.9523809523809523,8.6,6,104.0,157,502,0.5266462230546394,6.3949044585987265,7,655.0,844
182,14.433333333333334,228,10303,9,1737,5931,219,216,0.40728179220790034,0.4823970357686934,0.5735222750655149,0.8324060023604788,0.05263157894736842,0.02364066193853428,9,29,0.9232804232804231,6.444444444444445,8,51.0,223,509,0.40446064329014736,4.565022421524664,4,352.0,843
183,14.966666666666667,60,2463,9,691,1961,53,55,-0.6210857377518926,0.26287560644164043,0.6800649614291514,0.7338092809790923,0.11333333333333333,0.06153846153846154,9,15,0.4074074074074074,3.3333333333333335,6,9.0,57,177,0.5641977684215633,6.2105263157894735,7,198.0,269
184,16.4,668,78290,70,42621,29047,605,564,1.3948815828768448,-0.10449804596160303,0.8959637246136161,0.8064171859400282,0.02594810379241517,0.0,68,1025,0.8303853499005225,30.147058823529413,56,9295.0,618,4191,0.43372364961789733,13.563106796116505,21,23177.0,6662
185,13.9,36,5540,6,976,1526,30,32,0.19829764589829918,-0.05727776475393993,0.8812274368231047,0.7077326343381389,0.11194029850746269,0.09414758269720101,6,12,0.85,4.0,3,10.0,32,86,0.515719941822883,5.375,9,77.0,131
186,32.2,163,4090,4,347,3563,163,159,1.7707456830312251,-0.21436578167864262,0.9105134474327629,0.6949200112264945,0.28835489833641403,0.036231884057971016,4,5,0.8333333333333333,2.5,2,2.0,163,546,0.3771695715360099,6.699386503067485,16,1096.0,828
187,11.233333333333333,94,1931,17,592,692,85,83,-1.1111960357343857,-0.2880523350112884,0.7307094769549456,0.6083815028901735,0.14696485623003194,0.13293051359516617,17,55,0.8110223110223109,6.470588235294118,10,98.0,85,192,0.25557844231892674,4.517647058823529,4,130.0,296
188,20.733333333333334,130,2263,6,560,1762,125,126,1.1978623964731885,-0.7208434889698925,0.7525408749447636,0.7094211123723042,0.2830820770519263,0.11802232854864433,6,14,0.9333333333333335,4.666666666666667,4,16.0,127,288,0.2604167994066911,4.535433070866142,6,165.0,463
189,5.366666666666666,79,9837,14,1122,1232,73,72,1.0762332941742798,0.27816606643095665,0.6590423909728576,0.6461038961038961,0.1320754716981132,0.1056338028169014,14,75,0.8941391941391943,10.714285714285714,13,221.0,73,166,0.18822251702993043,4.5479452054794525,8,111.0,229
190,12.866666666666667,94,4703,8,770,5467,86,83,-0.2914180645927943,-0.022508968886508336,0.6555390176483096,0.7051399304920432,0.08991825613079019,0.03278688524590164,8,19,0.8678571428571428,4.75,4,20.0,86,324,0.4713038578076192,7.534883720930233,10,502.0,552
191,10.8,46,13171,6,1369,4696,40,43,0.2215462879865784,-0.0949100637254483,0.4716422443246526,0.8492333901192505,0.03436426116838488,0.02287581699346405,6,13,0.9,4.333333333333333,5,13.0,44,116,0.6227648844281704,5.2727272727272725,5,102.0,178
192,16.166666666666668,46,21,2,12,2538,46,44,-0.3127468763519406,-0.33661037073994965,0.5714285714285714,0.7218282111899134,0.896551724137931,0.05030181086519115,0,0,0,0,0,0,46,110,0.5442150631408943,4.782608695652174,3,74.0,159
194,17.0,195,14173,33,842,1934,176,174,-0.1418789215028119,0.11378951425489806,0.867071191702533,0.7223371251292657,0.3228655544651619,0.04149377593360996,33,225,0.8066731736185935,13.636363636363637,21,904.0,176,356,0.18593415481672448,4.045454545454546,6,132.0,601
195,15.833333333333334,59,488,6,204,1987,58,57,-1.574061652985431,-0.40366115447700623,0.45901639344262296,0.6980372420734776,0.47342995169082125,0.04384133611691023,2,1,0.0,1.0,0,0.0,58,192,0.5659811458283189,6.620689655172414,15,274.0,274
196,28.133333333333333,194,34190,25,3789,14949,170,170,0.3048649942652499,-0.11559135658708318,0.4205030710734133,0.7961736571008095,0.021634615384615384,0.014184397163120567,25,223,0.869053063626223,17.84,22,1109.0,177,863,0.5834623191258709,9.751412429378531,15,2536.0,1410
197,30.3,101,16145,21,2213,3265,89,86,0.4126560269327539,-0.3757055611020424,0.4716630535769588,0.7160796324655436,0.0437636761487965,0.0437636761487965,21,192,0.9909774436090226,18.285714285714285,20,1141.0,89,304,0.4001680013593967,6.831460674157303,16,511.0,474
199,12.866666666666667,116,3729,17,1299,5192,103,103,0.20756602398656296,-0.08441454237711074,0.5567176186645213,0.8052773497688752,0.04644808743169399,0.020671834625323,17,97,0.8903023447141097,11.411764705882353,14,319.0,105,392,0.4626753200947409,7.466666666666667,18,672.0,621
200,15.433333333333334,57,15578,28,2850,1870,41,40,0.10722709784316233,-0.636283903051106,0.6926434715624599,0.7026737967914438,0.04714640198511166,0.06531531531531531,28,234,0.8554496291110043,16.714285714285715,23,1120.0,41,168,0.6088002714480725,8.195121951219512,12,268.0,234
201,49.5,165,5336,23,2086,8596,143,145,-1.513438326560882,-0.4893392547291821,0.7528110944527736,0.7305723592368544,0.32907991940899933,0.04566823371390195,23,102,0.7535014162487578,8.869565217391305,13,241.0,150,801,0.4888297223550668,10.68,25,2456.0,1308
202,10.1,122,17641,21,2311,3796,114,112,0.8122430984128544,0.2912657192947656,0.8830565160705175,0.6896733403582719,0.09025270758122744,0.02356902356902357,21,112,0.8482557334061094,10.666666666666666,16,333.0,114,472,0.41327102642135455,8.280701754385966,25,664.0,807
203,20.366666666666667,155,12524,8,1595,4170,148,144,-0.1854983753873493,0.06626810023990853,0.6347013733631428,0.8299760191846522,0.049206349206349205,0.019448946515397084,8,26,0.9404761904761906,6.5,7,45.0,153,446,0.385957062136224,5.830065359477124,11,577.0,724
204,18.0,137,10127,16,559,2603,130,126,-0.24722462946209955,-0.3707998527432699,0.7282512096376025,0.7499039569727238,0.09706959706959707,0.03290676416819013,16,71,0.8473935786435787,8.875,12,165.0,130,335,0.4787389520019749,5.153846153846154,5,307.0,492
205,22.0,42,1544,3,298,413,39,37,1.5752891880166289,0.03900570116222856,0.9857512953367875,0.6707021791767555,0.38362068965517243,0.1490015360983103,3,3,1.0,2.0,0,1.0,39,68,0.28189128878784053,3.4871794871794872,4,25.0,111
206,31.7,97,5503,29,882,4362,83,82,0.15353725305640148,-0.04955830213175273,0.33018353625295294,0.6325080238422742,0.04055496264674493,0.0273109243697479,28,308,0.9195151484126639,22.0,26,2215.0,84,311,0.4381930489603636,7.404761904761905,19,538.0,456
207,10.966666666666667,57,666,3,137,3284,57,54,0.16336047467242834,-0.18700104711971804,0.7882882882882883,0.7975030450669914,0.5907172995780591,0.02476780185758514,2,1,0.0,1.0,0,0.0,57,157,0.39094034620350404,5.508771929824562,9,167.0,234
208,21.9,359,15085,15,2416,4741,350,346,0.5157690959013314,0.031623337757623125,0.7700364600596619,0.7489981016663151,0.05076923076923077,0.0352760736196319,15,59,0.8225863025863025,7.866666666666666,12,112.0,354,728,0.28294649252770687,4.112994350282486,1,352.0,1204
209,26.0,554,15001,19,2881,14739,541,525,0.3345045801659923,0.6511769762824812,0.3949070061995867,0.7970011534025375,0.03076923076923077,0.017948717948717947,19,117,0.8701808253665839,12.31578947368421,16,459.0,550,2094,0.41701578643834386,7.614545454545454,12,4309.0,3160
210,28.5,157,4027,5,562,3853,152,152,0.23157271279414826,0.25312995778650355,0.4087409982617333,0.8473916428756813,0.12427745664739884,0.05696969696969697,5,9,0.9,3.6,3,7.0,156,402,0.39878506079198545,5.153846153846154,4,350.0,610
211,31.366666666666667,44,439,8,152,1093,36,35,-2.123302851635667,-1.0804399841682522,0.7927107061503417,0.6184812442817932,0.6331168831168831,0.22611464968152867,5,4,0.0,1.6,2,0.0,36,99,0.45797194619658377,5.5,10,81.0,154
212,16.5,51,206,3,92,1307,51,49,0.1389891584459633,0.862128052223728,0.6262135922330098,0.827850038255547,0.39408866995073893,0.13267326732673268,0,0,0,0,0,0,51,117,0.3664123795969637,4.588235294117647,7,75.0,151
213,21.566666666666666,194,6859,6,1519,11658,189,191,0.7352849761001551,0.2876253019100381,0.4419011517713953,0.8395093498027106,0.025954198473282442,0.013740458015267175,6,14,0.9333333333333332,4.666666666666667,4,16.0,194,744,0.5369458590320526,7.670103092783505,5,1279.0,1188
214,12.166666666666666,90,1438,9,340,2869,81,83,-0.29323051187979593,-0.5704206577574421,0.6063977746870653,0.7466016033461136,0.0972972972972973,0.03723404255319149,9,23,0.7833333333333333,5.111111111111111,7,31.0,85,275,0.4819679893434968,6.470588235294118,11,364.0,458
215,6.2,96,2315,10,215,1107,87,94,0.3750356759938226,0.42590279884798027,0.3347732181425486,0.7506775067750677,0.028735632183908046,0.032432432432432434,10,34,0.9031746031746032,6.8,8,62.0,97,207,0.2527339264089888,4.268041237113402,11,190.0,330
216,8.166666666666666,321,9605,97,931,3981,262,250,0.04417121753410421,-1.4290814458437349,0.8104112441436752,0.6772167797035921,0.1782608695652174,0.0398406374501992,97,1199,0.8417045757517824,24.721649484536083,34,8681.0,262,878,0.34116061232203415,6.702290076335878,23,1069.0,1255
217,9.4,83,1355,7,391,2915,78,76,0.49507586526215763,0.18558478573832854,0.7586715867158672,0.6706689536878216,0.12,0.04240282685512368,7,11,0.6904761904761905,3.142857142857143,4,6.0,78,277,0.5656050084421047,7.102564102564102,10,332.0,475
218,22.466666666666665,180,13529,19,2663,7212,165,163,0.3588881348930182,-0.130764733764866,0.43757853499889127,0.7997781475318912,0.042899408284023666,0.01914580265095729,18,119,0.8853917687251022,13.222222222222221,16,444.0,169,590,0.49415347333273607,6.982248520710059,7,910.0,937
219,30.3,61,8474,6,1599,6179,55,60,-0.9985649578113912,-0.6182315394524552,0.8320745810715129,0.9114743486000971,0.04524361948955916,0.03542857142857143,6,8,0.6055555555555555,2.6666666666666665,3,3.0,61,124,0.31453164322016774,4.065573770491803,1,65.0,193
220,12.133333333333333,266,3175,68,957,3193,227,220,-0.43413972633886844,-0.7862049828597322,0.6888188976377952,0.7137488255559036,0.3074380165289256,0.0603448275862069,67,533,0.780972799363594,15.91044776119403,26,2505.0,227,609,0.380981178440333,5.365638766519824,9,561.0,999
221,11.166666666666666,148,17847,33,3166,6200,128,123,-0.005589429100708675,-0.4279591998837369,0.4748697260043705,0.7225806451612903,0.03869047619047619,0.011627906976744186,33,331,0.8825179695904156,20.060606060606062,28,2096.0,129,713,0.5384800820416998,11.054263565891473,26,2331.0,1043
222,56.733333333333334,87,31248,21,1977,4117,78,77,0.13944225075294683,0.13670951245965643,0.903289810547875,0.7075540442069468,0.16626650660264106,0.09964830011723329,21,97,0.7300733813338854,9.238095238095237,15,266.0,80,242,0.4688130038919513,6.05,12,243.0,380
223,3.4,157,4416,27,1291,1972,132,133,0.5227362056893742,-0.2848828269268562,0.7993659420289855,0.686105476673428,0.04854368932038835,0.019417475728155338,27,141,0.7999972794090441,10.444444444444445,16,402.0,142,447,0.39212335708979457,6.295774647887324,13,572.0,626
225,9.5,64,14201,10,1196,2777,57,55,1.1421229437511728,0.09322974059949136,0.793606084078586,0.6813107670147641,0.10638297872340426,0.04929577464788732,9,25,0.8029100529100528,5.555555555555555,8,38.0,57,188,0.4667392869191737,6.5964912280701755,13,246.0,318
226,18.766666666666666,65,15268,21,3604,1722,54,52,0.48674500897125794,-0.22376969816279446,0.55901231333508,0.6428571428571429,0.06901840490797546,0.045774647887323945,21,139,0.8185998330956317,13.238095238095237,17,586.0,54,226,0.5896241078200914,8.37037037037037,17,487.0,340
227,13.0,50,13969,12,2092,1021,43,41,-0.7226931633977121,-0.11026434215319872,0.7999140954971723,0.7140058765915769,0.09828009828009827,0.09582309582309582,12,47,0.8544432419432418,7.833333333333333,7,91.0,43,132,0.564295491330375,6.1395348837209305,9,150.0,199
229,16.9,79,8283,19,990,815,69,64,0.40836593963001,-0.5231563646734934,0.5234818302547386,0.7153374233128834,0.07952286282306163,0.099601593625498,19,92,0.863175721767053,9.68421052631579,15,243.0,69,154,0.3026958718034233,4.463768115942029,8,91.0,199
230,30.5,454,4456,12,958,11011,443,442,0.3391439239643948,0.22004309809472564,0.744165170556553,0.7978385251112524,0.0539609644087256,0.015486725663716814,12,63,0.9599326599326599,10.5,10,192.0,445,1324,0.35890762760586886,5.950561797752809,5,1481.0,2254
231,19.533333333333335,59,1544,7,321,1651,54,54,1.2389225849485659,0.9760104420776056,0.5310880829015544,0.7413688673531194,0.3256637168141593,0.1245674740484429,7,17,0.8714285714285716,4.857142857142857,6,19.0,57,161,0.4506433180346225,5.649122807017544,6,158.0,254
232,16.433333333333334,182,31329,45,2009,4987,168,160,0.293918997582076,-0.4768603163899591,0.9522806345558428,0.7531582113495088,0.028513238289205704,0.020161290322580645,45,282,0.8587820030623706,12.533333333333333,18,986.0,168,547,0.46972516928800223,6.511904761904762,11,718.0,839
234,22.433333333333334,102,15696,29,2006,3056,95,92,0.9885795540019982,-0.265980871598376,0.5433868501529052,0.5654450261780105,0.05492730210016155,0.024154589371980676,29,221,0.8255433491447528,15.241379310344827,23,1098.0,95,419,0.5434378770769596,8.821052631578947,21,1035.0,618
235,9.4,71,5815,13,1306,2153,59,60,-0.2731450573462082,-0.3243812010317523,0.47325881341358556,0.7547607988852764,0.0748663101604278,0.08823529411764706,13,53,0.8303585303585302,8.153846153846153,8,105.0,60,179,0.4941443529795015,5.966666666666667,7,158.0,302
236,31.366666666666667,160,77606,75,3494,3266,111,106,0.1653479400200247,0.11683896096745004,0.8884493466999974,0.70789957134109,0.02957906712172924,0.011603375527426161,75,938,0.7645134851924367,25.013333333333332,49,6962.0,111,459,0.4440027974991661,8.27027027027027,22,907.0,696
238,29.866666666666667,456,77980,33,10939,32664,425,417,0.23998322065489744,0.03692335554298215,0.540459092074891,0.867591231937301,0.009122006841505131,0.01,33,367,0.8646228856254652,22.242424242424242,27,2352.0,440,2028,0.5087123645815613,9.218181818181819,16,6304.0,3405
239,31.466666666666665,69,9992,7,531,1304,68,66,0.25376509902792777,-0.22538833705477698,0.8190552441953562,0.6725460122699386,0.1661409043112513,0.1127659574468085,7,14,0.8238095238095238,4.0,3,11.0,68,151,0.35766580113465923,4.4411764705882355,7,108.0,250
240,41.4,142,14815,11,3419,13328,132,134,0.5011273001953402,0.2745015393799063,0.5017887276409045,0.9380252100840336,0.02661290322580645,0.01045016077170418,11,44,0.878138528138528,8.0,9,91.0,136,395,0.4951077154083177,5.8088235294117645,4,538.0,684
241,41.13333333333333,56,21458,21,1090,880,43,41,-0.8005059085861573,-0.1312231135337959,0.9115481405536396,0.759090909090909,0.12110726643598616,0.13636363636363635,21,130,0.8430493961785425,12.380952380952381,17,433.0,43,97,0.3651746842388253,4.511627906976744,5,87.0,151
242,22.833333333333332,118,63595,49,3546,2745,95,90,0.17112216842727546,-0.3385126337036794,0.8164478339492098,0.6459016393442623,0.10687022900763359,0.045655375552282766,49,375,0.7783139952825542,15.306122448979592,31,1885.0,95,325,0.5391263138538469,6.842105263157895,19,465.0,539
243,45.1,126,2711,7,264,2330,120,116,0.13937312601969007,-0.1855269385352819,0.4264109184802656,0.663519313304721,0.042735042735042736,0.047655068078668684,7,13,0.738095238095238,3.7142857142857144,5,11.0,121,380,0.48561117909507995,6.2809917355371905,7,455.0,599
244,61.2,29,10725,8,1667,887,25,24,-1.8449432854831818,-0.9997630269929921,0.48494172494172494,0.5907553551296505,0.2761904761904762,0.2696132596685083,8,16,0.7,4.0,6,14.0,26,72,0.4492449543920131,5.538461538461538,10,66.0,115
246,15.433333333333334,68,1068,5,220,3375,63,63,-0.438440276762628,-0.2529914576228049,0.6292134831460674,0.8648888888888889,0.14573991031390135,0.035555555555555556,5,7,0.8,2.8,2,3.0,63,158,0.42495043765903845,5.015873015873016,5,112.0,274
247,9.866666666666667,291,14649,13,2497,10365,279,285,0.10134082855982678,-0.2364839816166095,0.44139531708649055,0.8400385914134105,0.015267175572519083,0.061855670103092786,13,74,0.9627039627039627,11.384615384615385,12,248.0,288,1068,0.6016673438496376,7.416666666666667,8,1888.0,1833
248,43.4,136,5237,11,1681,4797,125,127,1.978618962255068,1.5888122293210647,0.5688371204888295,0.7654784240150094,0.17189952904238617,0.07751937984496124,10,45,1.0,9.0,0,120.0,131,394,0.4443100334314899,6.015267175572519,13,542.0,677
250,40.8,110,3298,7,662,3275,104,103,0.09908417230882398,0.17406073962313484,0.7107337780473014,0.846412213740458,0.08914386584289496,0.05628058727569331,7,17,0.8714285714285716,4.857142857142857,6,19.0,109,237,0.4253145270142132,4.348623853211009,3,135.0,371
252,17.066666666666666,456,4359,14,702,12506,454,444,-0.48962419610993885,-0.5171221005171455,0.7490250057352604,0.7777067007836238,0.1007905138339921,0.021484375,14,66,0.8951627737342023,9.428571428571429,12,176.0,454,1629,0.40192309502331547,7.176211453744493,9,2681.0,2713
253,26.566666666666666,49,523,3,269,351,49,47,-2.407840226080852,0.5827891855319242,0.8030592734225621,0.603988603988604,0.5643564356435643,0.32045779685264664,3,3,1.0,2.0,0,1.0,49,84,0.3058449706244307,3.4285714285714284,3,24.0,132
254,9.4,9,565,2,437,91,7,7,4.692141868691898,1.730235774286155,0.9805309734513274,0.31868131868131866,0.5133333333333333,0.5521235521235521,2,1,0.0,1.0,0,0.0,7,14,0.42857142857142855,4.0,5,5.0,21
256,22.433333333333334,57,34952,15,648,3657,53,51,0.06443620110071793,0.05381202716771747,0.5483806363012131,0.7003007929997266,0.09130434782608696,0.11027190332326284,15,66,0.8652140452140452,8.8,6,143.0,53,166,0.5199916071532151,6.264150943396227,15,223.0,266
257,14.533333333333333,36,527,4,122,693,35,33,-0.04115528005284454,1.419624088118611,0.8178368121442126,0.5945165945165946,0.7058823529411765,0.31490384615384615,4,4,0.5833333333333334,2.0,3,1.0,36,98,0.3513368941000519,5.444444444444445,11,105.0,157
259,42.333333333333336,57,1716,5,614,944,52,52,-0.7081559922650863,0.7414843820933541,0.38752913752913754,0.5646186440677966,0.6193058568329718,0.1426319936958235,5,10,1.0,4.0,0,10.0,53,169,0.47112350040675294,6.377358490566038,15,187.0,251
260,59.8,66,21309,17,2316,3245,55,53,0.6170891234526554,0.04786759951334,0.820451452437937,0.8751926040061633,0.14161656646626586,0.17531003382187146,17,84,0.8036943448708155,9.882352941176471,15,230.0,56,132,0.4316764664646208,4.714285714285714,3,101.0,195
261,21.3,25,1104,4,626,260,21,23,0.25391104116398183,-0.5322725227356199,0.7436594202898551,0.48846153846153845,0.7468354430379747,0.2981878088962109,4,6,1.0,3.0,0,4.0,23,55,0.33527414614371137,4.782608695652174,10,50.0,90
263,6.466666666666667,20,92,3,36,223,18,18,1.5761714750978284,1.9295119276545647,0.5108695652173914,0.5739910313901345,0.6923076923076923,0.4857142857142857,3,3,1.0,2.0,0,1.0,18,35,0.4687950937950938,3.888888888888889,6,20.0,51
264,11.533333333333333,35,29970,13,7295,1021,26,28,-0.5472869685399597,-0.02910903011915421,0.9282615949282615,0.7238001958863859,0.1890909090909091,0.23170731707317074,13,36,0.7639305139305139,5.538461538461538,10,47.0,28,78,0.5787566693344004,5.571428571428571,8,61.0,113
267,85.96666666666667,79,2126,10,561,1600,72,72,0.4354901307708927,0.7875221975512492,0.409689557855127,0.6875,0.4575674618693782,0.2984783456886461,10,34,0.8960317460317458,6.8,9,61.0,74,201,0.44147976438998116,5.4324324324324325,9,178.0,327
268,30.833333333333332,58,9355,12,2146,2469,53,50,0.1924837085866501,0.7153775914570706,0.7291288081239978,0.711624139327663,0.21321961620469082,0.15444444444444444,11,35,0.8326118326118326,6.363636363636363,10,52.0,53,158,0.4990342025843516,5.962264150943396,18,154.0,246
269,28.166666666666668,44,1013,17,203,532,35,33,-0.30324566554434346,1.0657589204236693,0.6495557749259625,0.7105263157894737,0.5158536585365854,0.2602905569007264,16,72,0.7665920884670886,9.0,14,173.0,35,74,0.4251473922902494,4.228571428571429,4,47.0,107
270,34.13333333333333,70,3213,5,663,1752,66,68,0.3204867458471496,0.13835599653695657,0.9175225645813881,0.656392694063927,0.15568862275449102,0.08800880088008801,5,8,0.8666666666666666,3.2,4,5.0,69,179,0.4007605980368256,5.188405797101449,5,142.0,287
271,25.1,25,946,6,241,454,23,24,0.10200683660171432,0.6556636314611121,0.4513742071881607,0.5638766519823789,0.3699825479930192,0.25267379679144386,6,12,0.9,4.0,5,11.0,24,63,0.5426924683503631,5.25,7,65.0,102
272,23.166666666666668,44,1142,4,699,254,40,42,1.4943502427678728,-0.4948440191878422,0.6068301225919439,0.4645669291338583,0.6020408163265306,0.3322884012539185,4,6,1.0,3.0,0,4.0,42,84,0.37668380044156435,4.0,8,58.0,140
273,27.6,35,846,3,189,586,32,31,1.052553129846284,1.2998378380576523,0.7198581560283688,0.6023890784982935,0.5590682196339434,0.4204993429697766,3,3,1.0,2.0,0,1.0,32,63,0.32875417710944027,3.9375,6,34.0,105
276,42.7,22,1899,6,431,374,16,20,1.2628472970388374,0.19562181185262584,0.5660874144286466,0.45187165775401067,0.3468085106382979,0.28041901692183724,6,9,0.6777777777777777,3.0,4,5.0,20,50,0.5157556332556332,5.0,9,39.0,70
277,25.233333333333334,50,452,9,131,497,44,41,1.56704724880043,0.5265632044555408,0.4092920353982301,0.4909456740442656,0.3888888888888889,0.26880222841225626,8,15,0.7392857142857143,3.75,5,12.0,45,97,0.24075985742652414,4.311111111111111,5,46.0,145
279,4.966666666666667,4,0,0,0,9,4,4,0,0.5530736896474578,0,0.4444444444444444,1,0.7407407407407407,0,0,0,0,0,0,4,3,0.0,1.5,1,0.0,6
280,50.1,32,887,2,307,482,31,29,0.8045791346008379,1.5047544240663808,0.5479143179255919,0.6473029045643154,0.5495915985997666,0.31617161716171616,2,1,0.0,1.0,0,0.0,31,69,0.3625734164633595,4.451612903225806,8,54.0,106
281,45.46666666666667,25,4373,3,941,394,22,19,-0.0047621187791207,1.4174126004448329,0.6368625657443403,0.6624365482233503,0.15076923076923077,0.29902329075882794,3,3,1.0,2.0,0,1.0,22,49,0.48809687786960515,4.454545454545454,7,28.0,74
283,42.13333333333333,31,3232,3,334,256,28,28,1.4939134870824118,0.7022542185031826,0.9987623762376238,0.3828125,0.6222403924775143,0.46511627906976744,2,1,0.0,1.0,0,0.0,29,71,0.21146688560481666,4.896551724137931,13,41.0,103
285,53.96666666666667,34,1585,4,303,410,33,32,1.2344790356868165,0.7826522782609647,0.9205047318611987,0.6414634146341464,0.1766712141882674,0.14766355140186915,4,4,0.5833333333333333,2.0,3,1.0,34,64,0.3694085326438267,3.764705882352941,4,29.0,96
286,24.233333333333334,56,4614,3,793,951,53,52,0.9980750524112008,-0.055820593256951725,0.8797139141742523,0.7676130389064143,0.16051136363636365,0.09749303621169916,3,3,1.0,2.0,0,1.0,54,126,0.45101575504692043,4.666666666666667,4,99.0,190
287,54.666666666666664,102,6219,7,1250,2883,95,98,1.2525586045780266,1.1320230359785124,0.5280591735005628,0.8217134928893514,0.2577962577962578,0.08945095619987661,7,20,0.9523809523809524,5.714285714285714,5,30.0,101,228,0.3998990749528846,4.514851485148514,2,133.0,364
288,89.16666666666667,106,2703,9,987,2210,98,96,3.2191812166257217,1.4287648190026816,0.510173880873104,0.790497737556561,0.2838184931506849,0.11223723723723723,9,24,0.7465608465608465,5.333333333333333,8,32.0,101,259,0.38647061830212165,5.128712871287129,6,251.0,415
289,38.1,44,2402,6,1182,977,38,39,-0.2788685497518362,1.8951280845537277,0.6956702747710242,0.6642784032753326,0.5594405594405595,0.21534195933456562,6,15,1.0,5.0,0,20.0,40,98,0.3870841087017558,4.9,5,73.0,170
290,19.466666666666665,33,3224,8,747,454,29,26,1.872849784637941,-0.76137683086775,0.5046526054590571,0.5330396475770925,0.6486486486486487,0.26104417670682734,8,25,0.9285714285714285,6.25,7,41.0,29,74,0.4068117874913007,5.103448275862069,11,76.0,110
291,53.1,58,1265,7,300,1733,51,50,0.051356674461659466,0.31519505750611304,0.5865612648221344,0.7409117137911136,0.2414021164021164,0.1685823754789272,7,18,0.9142857142857143,5.142857142857143,6,23.0,51,135,0.5157231213695005,5.294117647058823,4,99.0,208
292,10.133333333333333,35,17685,7,416,1809,32,32,1.0471191343662207,2.429628600856865,0.9671472999717274,0.531232725262576,0.1746031746031746,0.3044982698961938,7,16,0.8761904761904763,4.571428571428571,6,17.0,33,115,0.6188130171524485,6.96969696969697,14,129.0,183
293,8.666666666666666,19,823,2,231,191,18,18,1.216378677058618,0.7763202464773488,0.7776427703523694,0.6020942408376964,0.5759493670886076,0.2073170731707317,2,1,0.0,1.0,0,0.0,18,28,0.20356125356125354,3.111111111111111,4,5.0,38
294,32.53333333333333,69,51266,35,1888,3592,55,55,1.4451965416945673,0.7991843154581671,0.6872586119455389,0.7630846325167038,0.19144385026737967,0.10173160173160173,35,417,0.902368036835256,23.82857142857143,30,3086.0,55,176,0.5525761957340904,6.4,21,205.0,301
295,29.766666666666666,3,0,0,0,6,3,4,0,-0.470956003822033,0,0.3333333333333333,1,0.9798994974874372,0,0,0,0,0,0,4,4,0.5833333333333333,2.0,3,1.0,4
296,38.2,73,1674,24,301,1105,60,54,2.6981001486704637,0.5765464652553495,0.8596176821983273,0.6515837104072398,0.1916583912611718,0.14585152838427948,24,95,0.7989487242776715,7.916666666666667,11,183.0,60,168,0.4071743158557176,5.6,11,201.0,245
297,33.233333333333334,81,5491,11,634,1470,76,73,0.12296759774082484,1.0966003012874732,0.8082316517938445,0.8068027210884354,0.2174496644295302,0.19734151329243355,11,33,0.7617604617604617,6.0,9,49.0,77,176,0.40116010054407814,4.571428571428571,6,129.0,264
298,45.233333333333334,26,9415,6,1061,681,21,23,2.7275791725027516,0.9618920648134494,0.7839617631439193,0.801762114537445,0.26701183431952663,0.16789940828402367,6,8,0.6333333333333333,2.6666666666666665,2,3.0,23,50,0.49924127487056547,4.3478260869565215,5,43.0,79
299,49.53333333333333,106,16313,13,1370,2617,100,98,1.6246240374729504,1.1212687029412896,0.6852203763869307,0.7649980894153611,0.18578465869106264,0.055967633175994604,13,65,0.9121656121656119,10.0,12,183.0,100,285,0.5112909715165376,5.7,7,313.0,462
301,31.933333333333334,60,2578,5,636,2747,56,57,0.8418378146525913,1.3419254631384223,0.3750969743987587,0.5627957772115034,0.155668358714044,0.2807991120976693,5,7,0.7,2.8,4,4.0,57,267,0.5212330193599544,9.368421052631579,19,488.0,430
302,49.63333333333333,27,1861,3,135,191,24,24,-1.0611264349609644,-10.579040571635778,0.7152068780225685,0.6596858638743456,0.12256669069935111,0.9258002560819463,3,3,1.0,2.0,0,1.0,26,42,0.2074762843993613,3.230769230769231,5,7.0,62
303,8.5,12,641,2,300,71,10,10,-0.08535504051383926,0.5348160892178289,0.9656786271450858,0.5211267605633803,0.8583690987124464,0.5641025641025641,2,1,0.0,1.0,0,0.0,10,16,0.5245238095238095,3.2,2,5.0,26
305,0.0,11,608,1,465,183,10,10,4.998006148492308,0.5481872236042391,1.0,0.26229508196721313,0.6,0.08333333333333333,0,0,0,0,0,0,10,29,0.690952380952381,5.8,8,30.0,49
306,86.63333333333334,418,4974,17,1372,9495,410,388,-0.25926847150416094,0.9639276202180466,0.5609167671893848,0.8046340179041601,0.19051838723969872,0.0598159509202454,17,79,0.8561396120219651,9.294117647058824,13,214.0,411,1500,0.42445005463994306,7.299270072992701,8,3077.0,2065
308,37.7,53,5978,6,1201,2614,47,46,0.7109616475185135,1.119603526768319,0.43626630980260955,0.712318286151492,0.09647779479326186,0.16198979591836735,6,13,0.9,4.333333333333333,5,13.0,49,140,0.40550895180325897,5.714285714285714,12,164.0,225
310,22.833333333333332,78,5159,11,1671,2585,68,69,0.21111607801977902,0.31783783528836235,0.5258771079666602,0.5705996131528046,0.1510673234811166,0.10030864197530864,11,39,0.8671717171717173,7.090909090909091,9,71.0,69,269,0.41597102822241017,7.797101449275362,21,446.0,453
311,23.333333333333332,68,13159,7,5353,1039,61,57,3.757058140013498,0.9360501040168042,0.472984269321377,0.6843118383060636,0.32748538011695905,0.17453505007153075,7,16,0.8761904761904763,4.571428571428571,6,17.0,61,197,0.4550530910352301,6.459016393442623,13,286.0,297
312,9.8,42,82,3,30,1171,42,41,-0.6828698584994245,-0.5526429922839956,0.524390243902439,0.7805294619982921,0.4956521739130435,0.14186851211072665,0,0,0,0,0,0,42,117,0.3667989212939952,5.571428571428571,10,151.0,164
49,29.533333333333335,129,5486,7,1028,3174,124,126,0.09184855433948413,-0.13495332509341149,0.8869850528618302,0.8027725267800883,0.07390817469204927,0.050997782705099776,7,18,0.9142857142857143,5.142857142857143,6,23.0,129,310,0.37265812664115416,4.8062015503875966,5,237.0,489
50,6.366666666666666,69,6575,8,1338,3079,67,64,0.9255179564108048,0.128090048250345,0.3934600760456274,0.7914907437479701,0.05084745762711865,0.04081632653061224,8,20,0.7773809523809525,5.0,7,26.0,67,198,0.4707373937694111,5.91044776119403,11,265.0,332
51,32.36666666666667,213,5064,21,950,3659,204,196,-0.5409936122196887,-0.049730963747807895,0.6648894154818326,0.684339983602077,0.47757009345794393,0.5314656922452294,20,59,0.7615079365079365,5.9,16,100.0,204,560,0.4121716680901605,5.490196078431373,20,553.0,858
52,14.4,340,36410,15,4613,5068,333,328,0.15508516982138676,-0.20081721077433576,0.7794287283713266,0.7805840568271507,0.01569506726457399,0.04090909090909091,15,61,0.8293887593887594,8.133333333333333,10,120.0,334,719,0.2936549442828004,4.3053892215568865,3,429.0,1232
53,16.766666666666666,70,9298,11,2024,4815,66,62,0.40291501313066896,0.09551574386011134,0.5347386534738654,0.7752855659397715,0.06986027944111776,0.05357142857142857,11,41,0.8660894660894661,7.454545454545454,10,80.0,67,245,0.5390040746032364,7.313432835820896,8,394.0,377
54,33.1,548,8773,67,1240,6536,506,475,-0.3763988356512086,-0.018341242713248693,0.7798928530719252,0.708843329253366,0.09850107066381156,0.012219959266802444,67,941,0.8560228094645012,28.08955223880597,45,7809.0,506,1858,0.3269142863815963,7.3438735177865615,15,3226.0,2365
55,21.066666666666666,78,29519,22,796,2297,67,66,0.07707737480449195,-1.5905550418331542,0.7781767675056743,0.825859817152808,0.0297723292469352,0.06003159557661927,22,154,0.8272100542294744,14.0,21,622.0,67,177,0.42333818238845244,5.2835820895522385,6,172.0,284
56,27.1,120,23983,40,3478,4490,94,91,-0.5759404351719821,0.7725218210080754,0.5949214026602176,0.7710467706013363,0.2225,0.17676767676767677,40,490,0.8654445723018309,24.5,37,3449.0,94,268,0.3795349669824968,5.702127659574468,10,259.0,431
57,32.766666666666666,62,1010,6,290,1464,60,56,0.002969996920706212,-0.3911170611888937,0.37524752475247525,0.7363387978142076,0.2190082644628099,0.06269270298047276,6,15,1.0,5.0,0,20.0,60,155,0.4004952958261781,5.166666666666667,10,154.0,242
58,11.066666666666666,51,4350,4,846,2197,51,49,-1.0899581193885148,-0.04905781398766689,0.4928735632183908,0.8060992262175695,0.25,0.07317073170731707,4,6,1.0,3.0,0,4.0,51,140,0.368691386114442,5.490196078431373,14,171.0,227
59,8.233333333333333,159,6677,51,1622,8090,135,133,0.3045925380304336,0.03805268615299557,0.586490939044481,0.5555006180469716,0.028985507246376812,0.011904761904761904,46,340,0.8023456814584212,14.782608695652174,26,1413.0,136,848,0.5228245294498869,12.470588235294118,46,2925.0,1260
61,14.966666666666667,119,5850,27,1424,6104,98,102,0.04815330509846313,0.28959748666292984,0.44,0.6903669724770642,0.0525164113785558,0.021929824561403508,27,195,0.8190800973144192,14.444444444444445,22,914.0,103,496,0.4600620713536845,9.631067961165048,25,1258.0,814
62,13.9,73,40905,25,12476,3182,62,60,-0.16085193068899917,0.5728309133104149,0.8289940105121624,0.6222501571338781,0.13133208255159476,0.05,25,215,0.8825040514144029,17.2,23,1076.0,62,325,0.5315471763110539,10.483870967741936,25,800.0,490
63,25.933333333333334,139,11640,33,1842,5048,119,118,-0.37094992496755885,-0.7263672968472313,0.652405498281787,0.7814976228209192,0.06305170239596469,0.04084321475625823,33,302,0.845498440486807,18.303030303030305,26,1559.0,119,394,0.35331052902030463,6.621848739495798,14,547.0,597
64,17.766666666666666,114,9851,18,1438,2616,108,102,0.4282513501814597,-0.18937042800059897,0.43985382194701045,0.7958715596330275,0.033932135728542916,0.035269709543568464,18,128,0.9159864373099668,14.222222222222221,16,532.0,108,337,0.4020047326773358,6.2407407407407405,9,510.0,502
65,10.8,246,20913,63,2182,8584,225,219,-0.0512466676864802,-0.3643686057730722,0.7836752259360207,0.7928704566635602,0.03115264797507788,0.00911854103343465,63,646,0.822907206891771,20.50793650793651,30,3554.0,225,704,0.33849432365676135,6.257777777777778,13,1225.0,991
66,23.866666666666667,45,2605,9,498,1506,39,40,1.0452646267073267,1.205042083826167,0.3976967370441459,0.5371845949535192,0.1703056768558952,0.16595744680851063,9,33,0.9404761904761906,7.333333333333333,8,66.0,40,138,0.5675752311414077,6.9,12,209.0,213
67,14.1,119,18428,13,3396,6701,115,118,1.4104760886495151,-0.7649959602992029,0.5344041675710874,0.6448291299805999,0.04,0.03865979381443299,13,51,0.8380952380952381,7.846153846153846,9,99.0,118,619,0.5122054929462079,10.491525423728813,20,1425.0,1114
68,15.233333333333333,133,3101,9,478,6465,127,126,0.5509240040959297,0.10029203692375198,0.6336665591744598,0.7607115235885538,0.06880733944954129,0.035555555555555556,7,14,0.8666666666666666,4.0,5,12.0,128,463,0.4298213221472135,7.234375,6,610.0,787
69,15.1,55,2848,10,378,2600,49,49,-0.45664283220859375,-0.839057908126155,0.5179073033707865,0.6284615384615385,0.09433962264150944,0.03777777777777778,10,37,0.9111111111111112,7.4,8,72.0,52,203,0.5706797383245396,7.8076923076923075,17,370.0,292
70,18.866666666666667,161,39755,47,3819,13071,144,142,-0.22425710144875088,-0.029130799357383587,0.6705571626210539,0.8208247264937648,0.023090586145648313,0.012195121951219513,46,503,0.8437474058864375,21.869565217391305,34,3077.0,144,580,0.5337007747882474,8.055555555555555,24,1084.0,981
71,16.0,86,1828,5,159,2358,83,85,0.3867100824899498,-0.1099020695703928,0.725382932166302,0.8053435114503816,0.13347457627118645,0.06783369803063458,5,8,0.8666666666666666,3.2,4,5.0,85,220,0.4658706613518041,5.176470588235294,6,172.0,372
72,17.366666666666667,113,8197,8,1688,1759,109,105,0.7444455337731032,-0.18424294468705507,0.5445894839575455,0.710062535531552,0.052525252525252523,0.06297709923664122,7,21,1.0,6.0,0,35.0,109,300,0.41459819189824915,5.504587155963303,3,265.0,400
73,10.7,192,14368,47,2569,3496,173,169,-0.6540802821688912,0.5815559512840773,0.9070155902004454,0.7296910755148741,0.05714285714285714,0.02912621359223301,47,412,0.8505662103902857,17.53191489361702,26,2268.0,173,509,0.3212830183315975,5.884393063583815,16,515.0,820
74,13.733333333333333,210,7270,9,650,10969,202,202,0.053039997303653955,-0.01891359562915997,0.7735900962861073,0.8575075211960981,0.052486187845303865,0.043010752688172046,9,31,0.91005291005291,6.888888888888889,8,56.0,202,711,0.43995549288074903,7.03960396039604,4,1033.0,1207
75,9.533333333333333,51,10649,6,3176,1377,45,44,0.5074736854620413,0.2372670323594422,0.8322847215701005,0.6746550472040668,0.06967213114754098,0.05017921146953405,6,10,0.6944444444444445,3.3333333333333335,5,7.0,47,129,0.4523375225502886,5.48936170212766,9,136.0,211
76,45.06666666666667,54,3845,7,584,902,48,46,0.012008044182711208,-0.0490515441290999,0.8681404421326397,0.7028824833702882,0.12791572610985705,0.09386828160484481,7,8,0.39999999999999997,2.2857142857142856,2,2.0,49,111,0.43386444278708164,4.530612244897959,3,71.0,157
77,9.733333333333333,69,2810,12,856,1165,57,55,-0.27378708252909767,-0.46392124753603364,0.80711743772242,0.5476394849785408,0.11295681063122924,0.0728476821192053,12,24,0.6535714285714286,4.0,6,18.0,57,170,0.3414540727560118,5.964912280701754,5,118.0,263
78,39.03333333333333,86,610,4,370,1689,83,81,0.4729128893945717,0.33743062217966124,0.8590163934426229,0.7235050325636472,0.2934027777777778,0.16271186440677965,4,4,0.5833333333333333,2.0,3,1.0,83,203,0.4055113137132141,4.891566265060241,5,123.0,302
79,39.36666666666667,95,4065,9,1139,6836,91,88,0.7105694886139619,0.6211857519612358,0.4961869618696187,0.8039789350497367,0.13459879206212252,0.06127659574468085,9,22,0.7777777777777778,4.888888888888889,7,35.0,93,340,0.48468125372628285,7.311827956989247,17,550.0,551
80,16.166666666666668,52,3153,3,894,1239,49,49,0.480513852938547,-0.08401943466223002,0.7396130669203933,0.7804681194511703,0.08602150537634409,0.07775377969762419,3,3,1.0,2.0,0,1.0,50,97,0.2925564468211527,3.88,2,42.0,155
81,11.266666666666667,494,76590,84,7567,26554,455,448,-0.6321031295667798,-0.2957536036642837,0.4906123514819167,0.7503577615425171,0.022508038585209004,0.0,84,2164,0.8813175269935708,51.523809523809526,73,36798.0,456,3378,0.47566604583283184,14.81578947368421,41,18064.0,5487
82,21.1,36,9151,11,518,1065,33,34,-1.2519119359702908,0.0939256603642845,0.7970713583214949,0.5784037558685446,0.3427299703264095,0.2634920634920635,11,36,0.8075757575757577,6.545454545454546,9,66.0,34,98,0.5124573912499609,5.764705882352941,13,132.0,146
83,12.266666666666667,697,15056,84,2082,18585,653,645,-0.14415947583798044,-0.21578273152660568,0.6246679064824655,0.8437449556093624,0.12359550561797752,0.0160857908847185,84,1390,0.8421204455140754,33.095238095238095,55,15491.0,653,2003,0.3521497244104722,6.134762633996937,11,3898.0,3346
84,9.366666666666667,121,1769,5,235,1201,116,118,0.4635541899506504,0.08604374633529706,0.3821368004522329,0.7194004995836802,0.09795918367346938,0.03873239436619718,5,10,1.0,4.0,0,10.0,120,261,0.3147597916359526,4.35,7,153.0,409
85,9.0,44,2522,13,435,1938,39,38,1.6372081374012244,0.5470699498907422,0.71847739888977,0.7249742002063984,0.11462450592885376,0.12030075187969924,13,37,0.6804029304029304,5.6923076923076925,10,51.0,39,120,0.5584510595822813,6.153846153846154,5,102.0,191
86,9.4,66,2850,14,817,1503,52,51,1.3565283342617045,0.12530055435503532,0.7014035087719298,0.6872920825016633,0.25384615384615383,0.05947955390334572,14,48,0.7219645433931149,6.857142857142857,11,89.0,52,172,0.514542653824328,6.615384615384615,9,223.0,270
87,5.8,27,12367,8,788,699,22,20,1.3593101714941178,-0.048044284493937876,0.9030484353521468,0.7610872675250357,0.477326968973747,0.07772020725388601,7,10,0.7999999999999999,2.857142857142857,1,4.0,22,47,0.5639143536202359,4.2727272727272725,5,27.0,75
88,20.333333333333332,208,21295,23,3792,5453,187,198,0.01981210786203623,0.13713220352656247,0.5683493777882132,0.7958921694480102,0.011419249592169658,0.012598425196850394,23,196,0.932976288081282,17.043478260869566,20,1051.0,205,726,0.4522049694906918,7.082926829268293,10,1247.0,1077
89,50.266666666666666,58,3427,12,585,605,52,50,0.20768643388412938,0.18556514768021662,0.7732710825795156,0.6826446280991736,0.27345309381237526,0.10904255319148937,12,43,0.8336700336700336,7.166666666666667,8,75.0,52,109,0.3432589846051385,4.1923076923076925,2,65.0,155
90,17.5,98,5226,7,1015,2888,94,92,0.8305695074369532,-0.16250611148857255,0.6268656716417911,0.7288781163434903,0.0863157894736842,0.0437375745526839,7,17,0.8666666666666668,4.857142857142857,6,19.0,94,294,0.48132036146336377,6.25531914893617,6,274.0,480
91,17.933333333333334,102,4288,22,895,6841,92,89,0.5962380024003779,0.257123597403873,0.8253264925373134,0.8494372167811723,0.0854368932038835,0.029684601113172542,22,86,0.7718754929281245,7.818181818181818,14,152.0,92,435,0.5223903863705356,9.456521739130435,16,1015.0,642
92,11.233333333333333,226,17725,8,5441,7104,218,211,0.6457852360654495,-0.8659274813090889,0.5034696755994358,0.7418355855855856,0.05142857142857143,0.008522727272727272,7,17,0.9238095238095239,4.857142857142857,6,21.0,220,956,0.42833991310660363,8.690909090909091,17,2372.0,1596
93,35.03333333333333,48,2031,6,590,1749,42,39,-1.333430127623031,-1.0321597120763988,0.31954702117183653,0.8381932532875929,0.2935323383084577,0.1235632183908046,6,8,0.5833333333333334,2.6666666666666665,5,3.0,42,106,0.5052816008629455,5.0476190476190474,7,89.0,167
94,10.5,45,6933,7,517,1580,40,42,-2.2968562986646583,0.2364729676114016,0.9079763450165873,0.4892405063291139,0.2631578947368421,0.14733542319749215,7,19,0.9238095238095239,5.428571428571429,6,26.0,43,144,0.5202729185272454,6.6976744186046515,11,189.0,228
95,16.3,89,13362,14,2777,2769,77,75,-0.44767411774273325,-1.2403288320474184,0.6591079179763508,0.7428674611773204,0.06208425720620843,0.1044776119402985,14,47,0.7835010227867371,6.714285714285714,11,70.0,80,202,0.28937706874893987,5.05,8,210.0,342
96,12.4,64,3625,4,955,1677,64,61,0.0669885593613236,0.16741166003859073,0.7373793103448276,0.6750149075730472,0.29396325459317585,0.041343669250646,4,4,0.5833333333333334,2.0,3,1.0,64,193,0.5302282585806193,6.03125,10,189.0,270
97,27.666666666666668,269,15918,26,2475,4630,260,239,-0.36586737779011375,-0.22408325150529124,0.8854755622565649,0.7302375809935205,0.13806451612903226,0.04342581423401689,26,147,0.8362780631504811,11.307692307692308,18,440.0,262,857,0.38007529518831035,6.541984732824427,10,1315.0,1210
98,15.1,173,350,7,91,4257,173,164,-0.8921421418265422,-0.31532568093304414,0.2742857142857143,0.7660324171952079,0.34025974025974026,0.017429193899782137,2,1,0.0,1.0,0,0.0,174,606,0.41499374384040766,6.9655172413793105,10,1094.0,830
99,14.066666666666666,122,13574,22,2761,4149,113,107,-0.4845736235032078,-0.2644259414159891,0.64527773684986,0.6360568811761871,0.05896805896805897,0.06619385342789598,22,155,0.8819330394407793,14.090909090909092,20,642.0,113,423,0.4823867929554824,7.486725663716814,27,619.0,650
